,number,value,datetime_start,datetime_complete,duration,params_hidden,params_leave_layers,params_lr,params_weight_decay,state
0,0,0.8919270833333334,2023-02-07 12:42:52.871917,2023-02-07 13:04:36.891843,0 days 00:21:44.019926,1756,71,0.00375,0.0,COMPLETE
1,1,0.5533854166666666,2023-02-07 12:42:52.875188,2023-02-07 13:16:53.519812,0 days 00:34:00.644624,2791,61,0.115,4e-08,PRUNED
2,2,0.4108072916666667,2023-02-07 12:42:52.921125,2023-02-07 13:20:02.355883,0 days 00:37:09.434758,2373,101,0.075,4e-07,PRUNED
3,3,0.85546875,2023-02-07 12:42:52.934900,2023-02-07 13:16:39.917253,0 days 00:33:46.982353,1464,31,0.075,4e-07,COMPLETE
4,4,0.841796875,2023-02-07 12:42:52.949193,2023-02-07 13:02:28.981369,0 days 00:19:36.032176,1552,21,0.075,4e-07,COMPLETE
5,5,0.7600911458333334,2023-02-07 12:42:52.968878,2023-02-07 13:02:05.453725,0 days 00:19:12.484847,2214,1,0.15,4e-06,COMPLETE
6,6,0.8958333333333334,2023-02-07 12:42:52.995505,2023-02-07 13:21:54.156306,0 days 00:39:01.160801,1387,101,0.00375,4e-08,COMPLETE
7,7,0.8684895833333334,2023-02-07 12:42:53.015171,2023-02-07 13:28:20.649728,0 days 00:45:27.634557,1809,41,0.0125,4e-05,COMPLETE
8,8,0.18033854166666666,2023-02-07 13:02:05.510055,2023-02-07 13:18:09.141426,0 days 00:16:03.631371,1936,71,0.075,4e-05,PRUNED
9,9,0.5833333333333334,2023-02-07 13:02:29.037553,2023-02-07 13:13:05.965997,0 days 00:10:36.928444,2306,11,0.15,0.0,COMPLETE
10,10,,2023-02-07 13:04:36.918611,,,1789,51,0.0125,4e-06,RUNNING
11,11,0.09016927083333333,2023-02-07 13:13:05.995726,2023-02-07 13:17:20.674222,0 days 00:04:14.678496,2064,91,0.075,4e-08,PRUNED
12,12,0.10677083333333333,2023-02-07 13:16:39.947957,2023-02-07 13:18:27.936980,0 days 00:01:47.989023,2757,51,0.075,4e-07,PRUNED
13,13,0.7210286458333334,2023-02-07 13:16:53.542190,2023-02-07 13:24:29.786689,0 days 00:07:36.244499,2361,1,0.15,4e-08,PRUNED
14,14,0.7526041666666666,2023-02-07 13:17:20.691425,2023-02-07 13:25:14.495631,0 days 00:07:53.804206,2956,1,0.15,4e-08,PRUNED
15,15,0.103515625,2023-02-07 13:18:09.159425,2023-02-07 13:20:30.365686,0 days 00:02:21.206261,1724,71,0.15,4e-06,PRUNED
16,16,0.89453125,2023-02-07 13:18:27.952774,2023-02-07 13:59:44.291591,0 days 00:41:16.338817,2382,21,0.00375,4e-08,COMPLETE
17,17,0.8997395833333334,2023-02-07 13:20:02.410528,2023-02-07 13:35:09.825365,0 days 00:15:07.414837,1002,41,0.00375,0.0,COMPLETE
18,18,0.8922526041666666,2023-02-07 13:20:30.383112,2023-02-07 13:39:19.292455,0 days 00:18:48.909343,1033,31,0.00375,0.0,COMPLETE
19,19,0.8792317708333334,2023-02-07 13:21:54.188533,2023-02-07 13:43:04.134853,0 days 00:21:09.946320,1095,91,0.00375,0.0,COMPLETE
20,20,0.8795572916666666,2023-02-07 13:24:29.806457,2023-02-07 13:52:07.946294,0 days 00:27:38.139837,1004,91,0.00375,0.0,COMPLETE
21,21,0.884765625,2023-02-07 13:25:14.514406,2023-02-07 13:49:00.056050,0 days 00:23:45.541644,1015,91,0.00375,0.0,COMPLETE
22,22,0.9075520833333334,2023-02-07 13:28:20.680195,2023-02-07 14:12:02.343806,0 days 00:43:41.663611,1013,91,0.00375,0.0,COMPLETE
23,23,0.3639322916666667,2023-02-07 13:35:09.868631,2023-02-07 13:43:25.796728,0 days 00:08:15.928097,1024,91,0.00375,0.0,PRUNED
24,24,0.5651041666666666,2023-02-07 13:39:19.327868,2023-02-07 13:41:15.362537,0 days 00:01:56.034669,1057,91,0.00375,0.0,PRUNED
25,25,0.8990885416666666,2023-02-07 13:41:15.384015,2023-02-07 14:10:05.983819,0 days 00:28:50.599804,1291,51,0.00375,0.0,COMPLETE
26,26,0.9111328125,2023-02-07 13:43:04.162624,2023-02-07 14:09:08.854457,0 days 00:26:04.691833,1289,51,0.00375,4e-08,COMPLETE
27,27,0.10970052083333333,2023-02-07 13:43:25.813673,2023-02-07 13:44:42.415214,0 days 00:01:16.601541,1298,41,0.115,4e-08,PRUNED
28,28,0.8958333333333334,2023-02-07 13:44:42.431661,2023-02-07 14:06:19.587188,0 days 00:21:37.155527,1263,31,0.00375,0.0,COMPLETE
29,29,0.8919270833333334,2023-02-07 13:49:00.095881,2023-02-07 14:09:49.251230,0 days 00:20:49.155349,1228,31,0.00375,0.0,COMPLETE
30,30,0.8922526041666666,2023-02-07 13:52:07.976451,2023-02-07 14:13:20.246532,0 days 00:21:12.270081,1271,31,0.00375,0.0,COMPLETE
31,31,0.6328125,2023-02-07 13:59:44.329000,2023-02-07 14:01:10.657079,0 days 00:01:26.328079,1292,21,0.0125,4e-08,PRUNED
32,32,0.4153645833333333,2023-02-07 14:01:10.679947,2023-02-07 14:02:53.942526,0 days 00:01:43.262579,2542,51,0.00375,4e-08,PRUNED
33,33,0.8857421875,2023-02-07 14:02:53.962430,2023-02-07 14:19:35.355394,0 days 00:16:41.392964,1324,21,0.00375,4e-08,COMPLETE
34,34,0.8981119791666666,2023-02-07 14:06:19.629012,2023-02-07 14:27:41.213200,0 days 00:21:21.584188,1300,41,0.00375,4e-06,COMPLETE
35,35,0.12076822916666667,2023-02-07 14:09:08.893684,2023-02-07 14:10:47.943976,0 days 00:01:39.050292,1513,61,0.0125,4e-06,PRUNED
36,36,0.140625,2023-02-07 14:09:49.283971,2023-02-07 14:11:32.560351,0 days 00:01:43.276380,1479,61,0.0125,4e-05,PRUNED
37,37,0.1103515625,2023-02-07 14:10:06.016098,2023-02-07 14:11:52.800255,0 days 00:01:46.784157,1506,61,0.0125,4e-05,PRUNED
38,38,0.8876953125,2023-02-07 14:10:47.987214,2023-02-07 14:25:17.108641,0 days 00:14:29.121427,1433,41,0.00375,4e-05,COMPLETE
39,39,0.9036458333333334,2023-02-07 14:11:32.586856,2023-02-07 14:34:42.097487,0 days 00:23:09.510631,1651,51,0.00375,4e-08,COMPLETE
40,40,0.099609375,2023-02-07 14:11:52.829078,2023-02-07 14:13:36.370869,0 days 00:01:43.541791,1195,51,0.115,0.0,PRUNED
41,41,0.10970052083333333,2023-02-07 14:12:02.367782,2023-02-07 14:13:34.209804,0 days 00:01:31.842022,1182,51,0.115,0.0,PRUNED
42,42,0.9091796875,2023-02-07 14:13:20.287122,2023-02-07 14:48:38.968935,0 days 00:35:18.681813,1166,51,0.00375,0.0,COMPLETE
43,43,0.2776692708333333,2023-02-07 14:13:34.231310,2023-02-07 14:15:05.934104,0 days 00:01:31.702794,1637,41,0.00375,4e-07,PRUNED
44,44,0.6682942708333334,2023-02-07 14:13:36.384257,2023-02-07 14:15:27.199600,0 days 00:01:50.815343,1647,71,0.00375,4e-07,PRUNED
45,45,0.6956380208333334,2023-02-07 14:15:05.952316,2023-02-07 14:16:58.756022,0 days 00:01:52.803706,1415,81,0.00375,4e-06,PRUNED
46,46,0.89453125,2023-02-07 14:15:27.226479,2023-02-07 14:31:39.099238,0 days 00:16:11.872759,1392,41,0.00375,0.0,COMPLETE
47,47,0.87890625,2023-02-07 14:16:58.770919,2023-02-07 14:29:49.804862,0 days 00:12:51.033943,1398,41,0.00375,0.0,COMPLETE
48,48,0.19856770833333334,2023-02-07 14:19:35.393720,2023-02-07 14:30:10.117456,0 days 00:10:34.723736,1396,101,0.00375,4e-08,PRUNED
49,49,0.6305338541666666,2023-02-07 14:25:17.143218,2023-02-07 14:27:15.768470,0 days 00:01:58.625252,1141,101,0.00375,4e-08,PRUNED
50,50,0.681640625,2023-02-07 14:27:15.786498,2023-02-07 14:29:14.860815,0 days 00:01:59.074317,1373,101,0.00375,0.0,PRUNED
51,51,0.8958333333333334,2023-02-07 14:27:41.247479,2023-02-07 14:42:09.107891,0 days 00:14:27.860412,1134,41,0.00375,4e-06,COMPLETE
52,52,0.8440755208333334,2023-02-07 14:29:14.877175,2023-02-07 14:35:35.765582,0 days 00:06:20.888407,1150,41,0.00375,4e-06,PRUNED
53,53,0.10026041666666667,2023-02-07 14:29:49.837983,2023-02-07 14:31:25.147249,0 days 00:01:35.309266,1144,61,0.075,4e-06,PRUNED
54,54,0.1083984375,2023-02-07 14:30:10.178365,2023-02-07 14:31:58.739554,0 days 00:01:48.561189,1882,61,0.075,4e-06,PRUNED
55,55,0.10970052083333333,2023-02-07 14:31:25.162319,2023-02-07 14:32:52.725469,0 days 00:01:27.563150,1878,41,0.115,4e-06,PRUNED
56,56,0.13118489583333334,2023-02-07 14:31:39.157847,2023-02-07 14:33:19.466090,0 days 00:01:40.308243,1951,51,0.15,4e-06,PRUNED
57,57,0.08919270833333333,2023-02-07 14:31:58.766726,2023-02-07 14:33:36.329279,0 days 00:01:37.562553,2047,51,0.15,4e-06,PRUNED
58,58,0.7083333333333334,2023-02-07 14:32:52.741061,2023-02-07 14:34:43.076176,0 days 00:01:50.335115,1588,81,0.00375,4e-08,PRUNED
59,59,0.6018880208333334,2023-02-07 14:33:19.511823,2023-02-07 14:35:03.511348,0 days 00:01:43.999525,1573,81,0.00375,4e-08,PRUNED
60,60,0.7340494791666666,2023-02-07 14:33:36.346751,2023-02-07 14:35:31.912454,0 days 00:01:55.565703,1114,81,0.00375,4e-08,PRUNED
61,61,0.9065755208333334,2023-02-07 14:34:42.125170,2023-02-07 15:08:36.674046,0 days 00:33:54.548876,1120,51,0.00375,4e-07,COMPLETE
62,62,0.8736979166666666,2023-02-07 14:34:43.087571,2023-02-07 14:49:09.661368,0 days 00:14:26.573797,1085,51,0.00375,4e-07,COMPLETE
63,63,0.8557942708333334,2023-02-07 14:35:03.532892,2023-02-07 14:42:42.721402,0 days 00:07:39.188510,1094,51,0.00375,4e-07,PRUNED
64,64,0.7425130208333334,2023-02-07 14:35:31.946847,2023-02-07 14:37:08.696686,0 days 00:01:36.749839,1732,51,0.00375,4e-07,PRUNED
65,65,0.9108072916666666,2023-02-07 14:35:35.785642,2023-02-07 15:10:06.543404,0 days 00:34:30.757762,1731,51,0.00375,4e-07,COMPLETE
66,66,0.8873697916666666,2023-02-07 14:37:08.716574,2023-02-07 14:51:17.311193,0 days 00:14:08.594619,1219,31,0.00375,0.0,COMPLETE
67,67,0.8391927083333334,2023-02-07 14:42:09.136131,2023-02-07 14:48:31.500371,0 days 00:06:22.364240,1220,31,0.00375,0.0,PRUNED
68,68,0.8606770833333334,2023-02-07 14:42:42.735968,2023-02-07 14:49:16.863927,0 days 00:06:34.127959,1245,31,0.00375,4e-08,PRUNED
69,69,0.76953125,2023-02-07 14:48:31.538060,2023-02-07 14:56:09.818724,0 days 00:07:38.280664,1332,71,0.00375,0.0,PRUNED
70,70,0.7024739583333334,2023-02-07 14:48:39.009861,2023-02-07 14:51:34.074607,0 days 00:02:55.064746,1053,61,0.00375,0.0,PRUNED
71,71,0.7366536458333334,2023-02-07 14:49:09.736865,2023-02-07 14:50:46.220700,0 days 00:01:36.483835,1001,71,0.00375,0.0,PRUNED
72,72,0.7936197916666666,2023-02-07 14:49:16.876002,2023-02-07 14:54:10.891990,0 days 00:04:54.015988,1000,71,0.00375,0.0,PRUNED
73,73,0.10188802083333333,2023-02-07 14:50:46.236151,2023-02-07 14:52:22.955850,0 days 00:01:36.719699,1320,61,0.075,0.0,PRUNED
74,74,0.083984375,2023-02-07 14:51:17.343221,2023-02-07 14:52:56.235854,0 days 00:01:38.892633,1313,61,0.075,0.0,PRUNED
75,75,0.099609375,2023-02-07 14:51:34.099371,2023-02-07 14:52:59.994499,0 days 00:01:25.895128,1359,51,0.075,0.0,PRUNED
76,76,0.7021484375,2023-02-07 14:52:22.972771,2023-02-07 14:53:31.271366,0 days 00:01:08.298595,1341,11,0.0125,0.0,PRUNED
77,77,0.7672526041666666,2023-02-07 14:52:56.257944,2023-02-07 14:55:12.530512,0 days 00:02:16.272568,1661,11,0.00375,4e-08,PRUNED
78,78,0.8893229166666666,2023-02-07 14:53:00.012421,2023-02-07 15:11:25.455889,0 days 00:18:25.443468,1450,41,0.00375,4e-08,COMPLETE
79,79,0.8483072916666666,2023-02-07 14:53:31.286341,2023-02-07 15:00:17.136068,0 days 00:06:45.849727,1477,41,0.00375,4e-08,PRUNED
80,80,0.9078776041666666,2023-02-07 14:54:10.912469,2023-02-07 15:18:38.996594,0 days 00:24:28.084125,1461,41,0.00375,4e-08,COMPLETE
81,81,0.8017578125,2023-02-07 14:55:12.544799,2023-02-07 14:59:37.140740,0 days 00:04:24.595941,1177,41,0.00375,4e-08,PRUNED
82,82,0.7766927083333334,2023-02-07 14:56:09.834615,2023-02-07 15:01:40.560163,0 days 00:05:30.725548,2186,41,0.00375,4e-08,PRUNED
83,83,0.10026041666666667,2023-02-07 14:59:37.163738,2023-02-07 15:01:50.434132,0 days 00:02:13.270394,1466,101,0.115,4e-05,PRUNED
84,84,0.08919270833333333,2023-02-07 15:00:17.154849,2023-02-07 15:02:16.246800,0 days 00:01:59.091951,2143,101,0.115,4e-05,PRUNED
85,85,0.10970052083333333,2023-02-07 15:01:40.575521,2023-02-07 15:03:38.901512,0 days 00:01:58.325991,1267,101,0.115,4e-05,PRUNED
86,86,0.8958333333333334,2023-02-07 15:01:50.465184,2023-02-07 15:17:10.480172,0 days 00:15:20.014988,1270,51,0.00375,4e-08,COMPLETE
87,87,0.103515625,2023-02-07 15:02:16.497593,2023-02-07 15:03:48.352233,0 days 00:01:31.854640,1260,51,0.15,4e-08,PRUNED
88,88,0.8557942708333334,2023-02-07 15:03:38.919354,2023-02-07 15:09:48.745150,0 days 00:06:09.825796,1251,31,0.00375,0.0,PRUNED
89,89,,2023-02-07 15:03:48.376804,,,1191,31,0.00375,0.0,RUNNING
90,90,0.83203125,2023-02-07 15:08:36.712910,2023-02-07 15:13:42.875481,0 days 00:05:06.162571,1058,51,0.00375,4e-07,PRUNED
91,91,0.8961588541666666,2023-02-07 15:09:48.764298,2023-02-07 15:24:02.199873,0 days 00:14:13.435575,1068,51,0.00375,4e-07,COMPLETE
92,92,0.8447265625,2023-02-07 15:10:06.580771,2023-02-07 15:16:04.325414,0 days 00:05:57.744643,1090,51,0.00375,4e-07,PRUNED
93,93,0.8193359375,2023-02-07 15:11:25.493173,2023-02-07 15:17:33.080032,0 days 00:06:07.586859,1056,51,0.00375,4e-07,PRUNED
94,94,0.7998046875,2023-02-07 15:13:42.896724,2023-02-07 15:17:33.162758,0 days 00:03:50.266034,1173,51,0.00375,4e-07,PRUNED
95,95,0.9088541666666666,2023-02-07 15:16:04.345617,2023-02-07 15:42:55.602108,0 days 00:26:51.256491,1829,51,0.00375,4e-07,COMPLETE
96,96,0.12272135416666667,2023-02-07 15:17:10.511140,2023-02-07 15:18:39.334406,0 days 00:01:28.823266,1797,61,0.0125,4e-07,PRUNED
97,97,0.7141927083333334,2023-02-07 15:17:33.122187,2023-02-07 15:18:48.764640,0 days 00:01:15.642453,1782,61,0.00375,4e-07,PRUNED
98,98,0.755859375,2023-02-07 15:17:33.179790,2023-02-07 15:18:51.202301,0 days 00:01:18.022511,1798,61,0.00375,4e-07,PRUNED
99,99,0.7565104166666666,2023-02-07 15:18:39.031987,2023-02-07 15:20:07.841036,0 days 00:01:28.809049,1692,61,0.00375,4e-07,PRUNED
100,100,0.4534505208333333,2023-02-07 15:18:39.350027,2023-02-07 15:21:12.191756,0 days 00:02:32.841729,1701,41,0.00375,4e-07,PRUNED
101,101,0.7672526041666666,2023-02-07 15:18:48.785405,2023-02-07 15:19:56.718121,0 days 00:01:07.932716,1526,41,0.00375,0.0,PRUNED
102,102,0.8616536458333334,2023-02-07 15:18:51.223612,2023-02-07 15:24:32.556059,0 days 00:05:41.332447,1621,41,0.00375,0.0,PRUNED
103,103,0.7633463541666666,2023-02-07 15:19:56.734490,2023-02-07 15:21:12.088279,0 days 00:01:15.353789,1698,41,0.00375,4e-06,PRUNED
104,104,0.8570963541666666,2023-02-07 15:20:07.857095,2023-02-07 15:26:06.381535,0 days 00:05:58.524440,1580,41,0.00375,4e-06,PRUNED
105,105,0.09505208333333333,2023-02-07 15:21:12.169704,2023-02-07 15:22:31.178026,0 days 00:01:19.008322,1127,51,0.15,0.0,PRUNED
106,106,0.08919270833333333,2023-02-07 15:21:12.212607,2023-02-07 15:22:35.874929,0 days 00:01:23.662322,1119,51,0.15,0.0,PRUNED
107,107,0.7880859375,2023-02-07 15:22:31.197789,2023-02-07 15:24:36.705111,0 days 00:02:05.507322,1194,31,0.00375,4e-08,PRUNED
108,108,0.7005208333333334,2023-02-07 15:22:35.887288,2023-02-07 15:24:24.432382,0 days 00:01:48.545094,1209,91,0.00375,4e-08,PRUNED
109,109,0.8899739583333334,2023-02-07 15:24:02.229687,2023-02-07 15:35:29.427802,0 days 00:11:27.198115,1202,41,0.00375,4e-07,COMPLETE
110,110,0.8512369791666666,2023-02-07 15:24:24.456508,2023-02-07 15:30:45.642862,0 days 00:06:21.186354,1041,41,0.00375,4e-07,PRUNED
111,111,0.7945963541666666,2023-02-07 15:24:32.571439,2023-02-07 15:30:54.518988,0 days 00:06:21.947549,1179,51,0.00375,4e-07,PRUNED
112,112,0.8961588541666666,2023-02-07 15:24:36.728087,2023-02-07 15:45:11.173714,0 days 00:20:34.445627,1042,51,0.00375,4e-07,COMPLETE
113,113,0.8590494791666666,2023-02-07 15:26:06.398785,2023-02-07 15:32:32.021442,0 days 00:06:25.622657,1061,51,0.00375,4e-07,PRUNED
114,114,0.7744140625,2023-02-07 15:30:45.668660,2023-02-07 15:32:09.903875,0 days 00:01:24.235215,1864,51,0.00375,4e-07,PRUNED
115,115,0.7470703125,2023-02-07 15:30:54.541987,2023-02-07 15:32:12.174515,0 days 00:01:17.632528,1413,51,0.00375,4e-07,PRUNED
116,116,0.533203125,2023-02-07 15:32:09.925349,2023-02-07 15:38:33.100058,0 days 00:06:23.174709,2650,51,0.00375,0.0,PRUNED
117,117,0.845703125,2023-02-07 15:32:12.193422,2023-02-07 15:38:17.712464,0 days 00:06:05.519042,1077,51,0.00375,0.0,PRUNED
118,118,0.8212890625,2023-02-07 15:32:32.050388,2023-02-07 15:37:37.934586,0 days 00:05:05.884198,2718,51,0.00375,4e-08,PRUNED
119,119,0.8896484375,2023-02-07 15:35:29.458993,2023-02-07 15:50:52.570053,0 days 00:15:23.111060,1362,51,0.00375,4e-08,COMPLETE
120,120,0.7744140625,2023-02-07 15:37:37.957315,2023-02-07 15:39:02.004291,0 days 00:01:24.046976,1310,61,0.00375,4e-08,PRUNED
121,121,0.2001953125,2023-02-07 15:38:17.734959,2023-02-07 15:39:28.705030,0 days 00:01:10.970071,1360,41,0.0125,4e-08,PRUNED
122,122,0.10970052083333333,2023-02-07 15:38:33.123400,2023-02-07 15:39:54.908220,0 days 00:01:21.784820,1520,61,0.0125,4e-08,PRUNED
123,123,0.10514322916666667,2023-02-07 15:39:02.027467,2023-02-07 15:40:46.233792,0 days 00:01:44.206325,1362,91,0.0125,4e-08,PRUNED
124,124,0.7666015625,2023-02-07 15:39:28.749343,2023-02-07 15:41:48.711493,0 days 00:02:19.962150,2895,41,0.00375,4e-08,PRUNED
125,125,0.5921223958333334,2023-02-07 15:39:54.924287,2023-02-07 15:41:41.143127,0 days 00:01:46.218840,1289,91,0.00375,4e-08,PRUNED
126,126,0.7376302083333334,2023-02-07 15:40:46.251858,2023-02-07 15:42:05.286914,0 days 00:01:19.035056,1144,41,0.00375,4e-06,PRUNED
127,127,0.8408203125,2023-02-07 15:41:41.176117,2023-02-07 15:46:50.613021,0 days 00:05:09.436904,1149,41,0.00375,4e-06,PRUNED
128,128,0.7731119791666666,2023-02-07 15:41:48.747433,2023-02-07 15:42:56.579039,0 days 00:01:07.831606,1132,21,0.00375,0.0,PRUNED
129,129,0.8981119791666666,2023-02-07 15:42:05.320608,2023-02-07 16:02:09.950269,0 days 00:20:04.629661,1016,31,0.00375,0.0,COMPLETE
130,130,0.8098958333333334,2023-02-07 15:42:55.634647,2023-02-07 15:47:46.748901,0 days 00:04:51.114254,2008,51,0.00375,4e-07,PRUNED
131,131,0.8424479166666666,2023-02-07 15:42:56.592030,2023-02-07 15:47:57.284152,0 days 00:05:00.692122,1001,51,0.00375,4e-07,PRUNED
132,132,0.8610026041666666,2023-02-07 15:45:11.206040,2023-02-07 15:51:25.866153,0 days 00:06:14.660113,1750,51,0.00375,4e-07,PRUNED
133,133,0.8430989583333334,2023-02-07 15:46:50.631369,2023-02-07 15:53:26.592997,0 days 00:06:35.961628,1028,51,0.00375,4e-07,PRUNED
134,134,0.841796875,2023-02-07 15:47:46.770775,2023-02-07 15:52:33.823612,0 days 00:04:47.052837,1020,51,0.00375,4e-07,PRUNED
135,135,0.8645833333333334,2023-02-07 15:47:57.305437,2023-02-07 15:54:17.487914,0 days 00:06:20.182477,1032,51,0.00375,4e-07,PRUNED
136,136,0.1015625,2023-02-07 15:50:52.606524,2023-02-07 15:52:12.637507,0 days 00:01:20.030983,1089,61,0.075,4e-07,PRUNED
137,137,0.09993489583333333,2023-02-07 15:51:25.901025,2023-02-07 15:52:48.031872,0 days 00:01:22.130847,1835,61,0.075,4e-07,PRUNED
138,138,0.8209635416666666,2023-02-07 15:52:12.655826,2023-02-07 15:57:04.775856,0 days 00:04:52.120030,1923,51,0.00375,4e-07,PRUNED
139,139,0.8902994791666666,2023-02-07 15:52:33.845323,2023-02-07 16:04:29.549957,0 days 00:11:55.704634,1434,51,0.00375,4e-05,COMPLETE
140,140,0.8483072916666666,2023-02-07 15:52:48.053852,2023-02-07 15:58:58.511333,0 days 00:06:10.457481,1957,51,0.00375,4e-05,PRUNED
141,141,0.775390625,2023-02-07 15:53:26.611900,2023-02-07 15:54:56.095897,0 days 00:01:29.483997,1107,51,0.00375,4e-05,PRUNED
142,142,0.9007161458333334,2023-02-07 15:54:17.508169,2023-02-07 16:14:54.528485,0 days 00:20:37.020316,1238,51,0.00375,4e-05,COMPLETE
143,143,0.6966145833333334,2023-02-07 15:54:56.112513,2023-02-07 15:56:41.888862,0 days 00:01:45.776349,1927,101,0.00375,0.0,PRUNED
144,144,0.7112630208333334,2023-02-07 15:56:41.911153,2023-02-07 15:57:59.969625,0 days 00:01:18.058472,1614,41,0.00375,0.0,PRUNED
145,145,0.7063802083333334,2023-02-07 15:57:04.794150,2023-02-07 15:58:19.767772,0 days 00:01:14.973622,1245,41,0.00375,0.0,PRUNED
146,146,0.13444010416666666,2023-02-07 15:57:59.989052,2023-02-07 15:59:12.378190,0 days 00:01:12.389138,1244,31,0.115,0.0,PRUNED
147,147,0.09505208333333333,2023-02-07 15:58:19.783110,2023-02-07 15:59:27.997601,0 days 00:01:08.214491,1414,31,0.115,4e-08,PRUNED
148,148,0.2835286458333333,2023-02-07 15:58:58.534631,2023-02-07 16:00:07.906603,0 days 00:01:09.371972,1226,21,0.115,0.0,PRUNED
149,149,0.78515625,2023-02-07 15:59:12.394661,2023-02-07 16:02:24.451177,0 days 00:03:12.056516,1434,21,0.00375,0.0,PRUNED
150,150,0.7779947916666666,2023-02-07 15:59:28.018851,2023-02-07 16:01:59.849553,0 days 00:02:31.830702,1305,51,0.00375,0.0,PRUNED
151,151,0.7874348958333334,2023-02-07 16:00:07.928999,2023-02-07 16:01:23.807264,0 days 00:01:15.878265,1169,31,0.00375,0.0,PRUNED
152,152,0.7757161458333334,2023-02-07 16:01:23.831537,2023-02-07 16:05:12.449637,0 days 00:03:48.618100,1434,51,0.00375,0.0,PRUNED
153,153,0.9052734375,2023-02-07 16:01:59.878827,2023-02-07 16:24:42.615014,0 days 00:22:42.736187,1454,51,0.00375,0.0,COMPLETE
154,154,0.8313802083333334,2023-02-07 16:02:09.984893,2023-02-07 16:06:13.275765,0 days 00:04:03.290872,1108,21,0.00375,4e-06,PRUNED
155,155,0.7666015625,2023-02-07 16:02:24.466645,2023-02-07 16:03:56.940918,0 days 00:01:32.474273,1091,61,0.00375,4e-06,PRUNED
156,156,0.7828776041666666,2023-02-07 16:03:56.959892,2023-02-07 16:05:17.289299,0 days 00:01:20.329407,1060,41,0.00375,4e-08,PRUNED
157,157,0.8916015625,2023-02-07 16:04:29.581316,2023-02-07 16:18:05.228552,0 days 00:13:35.647236,1052,41,0.00375,4e-08,COMPLETE
158,158,0.8623046875,2023-02-07 16:05:12.467030,2023-02-07 16:10:38.006804,0 days 00:05:25.539774,1059,31,0.00375,0.0,PRUNED
159,159,0.8330078125,2023-02-07 16:05:17.304347,2023-02-07 16:10:00.325482,0 days 00:04:43.021135,1289,31,0.00375,0.0,PRUNED
160,160,0.7425130208333334,2023-02-07 16:06:13.292973,2023-02-07 16:07:31.597098,0 days 00:01:18.304125,1186,31,0.00375,0.0,PRUNED
161,161,0.1240234375,2023-02-07 16:07:31.612998,2023-02-07 16:08:50.041034,0 days 00:01:18.428036,1554,31,0.15,0.0,PRUNED
162,162,0.8714192708333334,2023-02-07 16:08:50.067707,2023-02-07 16:16:30.143181,0 days 00:07:40.075474,1004,31,0.00375,0.0,PRUNED
163,163,0.8095703125,2023-02-07 16:10:00.344027,2023-02-07 16:14:42.932512,0 days 00:04:42.588485,1007,31,0.00375,4e-07,PRUNED
164,164,0.7760416666666666,2023-02-07 16:10:38.022741,2023-02-07 16:13:12.013037,0 days 00:02:33.990296,1493,41,0.00375,4e-07,PRUNED
165,165,0.6497395833333334,2023-02-07 16:13:12.029523,2023-02-07 16:14:52.534390,0 days 00:01:40.504867,1014,81,0.00375,4e-08,PRUNED
166,166,0.7522786458333334,2023-02-07 16:14:42.953710,2023-02-07 16:16:38.333222,0 days 00:01:55.379512,1333,101,0.00375,4e-05,PRUNED
167,167,0.8968098958333334,2023-02-07 16:14:52.553602,2023-02-07 16:27:32.717225,0 days 00:12:40.163623,1153,41,0.00375,4e-05,COMPLETE
168,168,0.7464192708333334,2023-02-07 16:14:54.555818,2023-02-07 16:19:54.948099,0 days 00:05:00.392281,1668,51,0.00375,4e-05,PRUNED
169,169,0.7802734375,2023-02-07 16:16:30.166197,2023-02-07 16:17:54.269787,0 days 00:01:24.103590,1323,51,0.00375,4e-05,PRUNED
170,170,0.22428385416666666,2023-02-07 16:16:38.352500,2023-02-07 16:23:19.901267,0 days 00:06:41.548767,1144,51,0.00375,4e-05,PRUNED
171,171,0.35546875,2023-02-07 16:17:54.286160,2023-02-07 16:24:28.075147,0 days 00:06:33.788987,1222,51,0.00375,4e-08,PRUNED
172,172,0.7542317708333334,2023-02-07 16:18:05.274734,2023-02-07 16:18:58.392682,0 days 00:00:53.117948,1152,1,0.00375,4e-05,PRUNED
173,173,0.7154947916666666,2023-02-07 16:18:58.411934,2023-02-07 16:20:18.299998,0 days 00:01:19.888064,1243,51,0.00375,4e-07,PRUNED
174,174,0.7594401041666666,2023-02-07 16:19:54.966669,2023-02-07 16:23:54.939155,0 days 00:03:59.972486,1225,61,0.00375,4e-07,PRUNED
175,175,0.7425130208333334,2023-02-07 16:20:18.323545,2023-02-07 16:21:43.078902,0 days 00:01:24.755357,1206,61,0.00375,4e-08,PRUNED
176,176,0.69921875,2023-02-07 16:21:43.097415,2023-02-07 16:23:18.048724,0 days 00:01:34.951309,1744,91,0.00375,0.0,PRUNED
177,177,0.7867838541666666,2023-02-07 16:23:18.071848,2023-02-07 16:24:32.052568,0 days 00:01:13.980720,1275,51,0.00375,4e-06,PRUNED
178,178,0.8971354166666666,2023-02-07 16:23:19.915156,2023-02-07 16:40:40.398970,0 days 00:17:20.483814,1097,41,0.00375,4e-06,COMPLETE
179,179,0.849609375,2023-02-07 16:23:54.982711,2023-02-07 16:30:01.215778,0 days 00:06:06.233067,1107,41,0.00375,4e-06,PRUNED
180,180,0.7294921875,2023-02-07 16:24:28.104272,2023-02-07 16:25:49.973862,0 days 00:01:21.869590,1111,41,0.00375,4e-06,PRUNED
181,181,0.7467447916666666,2023-02-07 16:24:32.090907,2023-02-07 16:25:35.008188,0 days 00:01:02.917281,1098,11,0.00375,4e-06,PRUNED
182,182,0.7906901041666666,2023-02-07 16:24:42.650848,2023-02-07 16:25:45.264556,0 days 00:01:02.613708,1089,11,0.00375,0.0,PRUNED
183,183,0.7916666666666666,2023-02-07 16:25:35.031929,2023-02-07 16:26:50.123110,0 days 00:01:15.091181,1354,41,0.00375,0.0,PRUNED
184,184,0.7932942708333334,2023-02-07 16:25:45.284078,2023-02-07 16:27:00.183389,0 days 00:01:14.899311,1374,51,0.00375,0.0,PRUNED
185,185,0.7529296875,2023-02-07 16:25:49.991747,2023-02-07 16:27:11.255777,0 days 00:01:21.264030,1395,51,0.00375,0.0,PRUNED
186,186,0.099609375,2023-02-07 16:26:50.145285,2023-02-07 16:28:08.246834,0 days 00:01:18.101549,1371,51,0.15,0.0,PRUNED
187,187,0.10123697916666667,2023-02-07 16:27:00.459059,2023-02-07 16:28:11.758261,0 days 00:01:11.299202,1474,51,0.15,0.0,PRUNED
188,188,0.8388671875,2023-02-07 16:27:11.271616,2023-02-07 16:32:04.737972,0 days 00:04:53.466356,1179,41,0.00375,4e-06,PRUNED
189,189,0.3056640625,2023-02-07 16:27:32.760345,2023-02-07 16:33:24.457825,0 days 00:05:51.697480,1166,41,0.00375,4e-05,PRUNED
190,190,0.8994140625,2023-02-07 16:28:08.265018,2023-02-07 16:49:25.564912,0 days 00:21:17.299894,1156,41,0.00375,4e-05,COMPLETE
191,191,0.8984375,2023-02-07 16:28:11.772144,2023-02-07 16:44:27.348577,0 days 00:16:15.576433,1179,41,0.00375,4e-05,COMPLETE
192,192,0.7952473958333334,2023-02-07 16:30:01.233491,2023-02-07 16:31:22.126052,0 days 00:01:20.892561,1166,41,0.00375,4e-05,PRUNED
193,193,0.8994140625,2023-02-07 16:31:22.144822,2023-02-07 16:46:33.456260,0 days 00:15:11.311438,1169,51,0.00375,4e-05,COMPLETE
194,194,0.10026041666666667,2023-02-07 16:32:04.756327,2023-02-07 16:33:39.544926,0 days 00:01:34.788599,1273,71,0.075,4e-05,PRUNED
195,195,0.08072916666666667,2023-02-07 16:33:24.471938,2023-02-07 16:34:44.399613,0 days 00:01:19.927675,1285,51,0.075,4e-07,PRUNED
196,196,0.7877604166666666,2023-02-07 16:33:39.566181,2023-02-07 16:35:07.117730,0 days 00:01:27.551549,1053,51,0.00375,4e-07,PRUNED
197,197,0.7493489583333334,2023-02-07 16:34:44.415476,2023-02-07 16:36:07.943455,0 days 00:01:23.527979,1059,51,0.00375,4e-07,PRUNED
198,198,0.8333333333333334,2023-02-07 16:35:07.144583,2023-02-07 16:40:07.704075,0 days 00:05:00.559492,1126,41,0.00375,4e-08,PRUNED
199,199,0.9029947916666666,2023-02-07 16:36:07.968850,2023-02-07 17:02:52.144902,0 days 00:26:44.176052,1121,41,0.00375,4e-08,COMPLETE
200,200,0.7867838541666666,2023-02-07 16:40:07.721603,2023-02-07 16:41:28.228503,0 days 00:01:20.506900,2360,41,0.00375,0.0,PRUNED
201,201,0.8138020833333334,2023-02-07 16:40:40.441775,2023-02-07 16:44:26.401559,0 days 00:03:45.959784,1836,41,0.00375,0.0,PRUNED
202,202,0.7845052083333334,2023-02-07 16:41:28.277901,2023-02-07 16:42:58.870334,0 days 00:01:30.592433,1838,51,0.00375,4e-08,PRUNED
203,203,0.8444010416666666,2023-02-07 16:42:58.886738,2023-02-07 16:47:55.282532,0 days 00:04:56.395794,1532,51,0.00375,0.0,PRUNED
204,204,0.771484375,2023-02-07 16:44:26.422686,2023-02-07 16:45:46.983341,0 days 00:01:20.560655,1031,51,0.00375,4e-05,PRUNED
205,205,0.23567708333333334,2023-02-07 16:44:27.375672,2023-02-07 16:45:42.970576,0 days 00:01:15.594904,1034,41,0.0125,4e-05,PRUNED
206,206,0.8069661458333334,2023-02-07 16:45:42.992063,2023-02-07 16:46:56.289532,0 days 00:01:13.297469,1071,41,0.00375,4e-05,PRUNED
207,207,0.7770182291666666,2023-02-07 16:45:47.000510,2023-02-07 16:47:21.701567,0 days 00:01:34.701057,1076,81,0.00375,4e-05,PRUNED
208,208,0.7893880208333334,2023-02-07 16:46:33.502760,2023-02-07 16:47:55.336401,0 days 00:01:21.833641,1209,51,0.00375,4e-05,PRUNED
209,209,0.791015625,2023-02-07 16:46:56.314280,2023-02-07 16:48:13.941456,0 days 00:01:17.627176,1199,51,0.00375,4e-05,PRUNED
210,210,0.787109375,2023-02-07 16:47:21.718114,2023-02-07 16:48:48.061921,0 days 00:01:26.343807,1218,51,0.00375,4e-05,PRUNED
211,211,0.7978515625,2023-02-07 16:47:55.312344,2023-02-07 16:49:11.331900,0 days 00:01:16.019556,1131,51,0.00375,4e-05,PRUNED
212,212,0.8033854166666666,2023-02-07 16:47:55.680739,2023-02-07 16:49:12.055696,0 days 00:01:16.374957,1133,51,0.00375,4e-05,PRUNED
213,213,0.810546875,2023-02-07 16:48:13.956287,2023-02-07 16:49:28.101803,0 days 00:01:14.145516,1124,51,0.00375,4e-05,PRUNED
214,214,0.810546875,2023-02-07 16:48:48.083368,2023-02-07 16:50:03.174259,0 days 00:01:15.090891,1136,41,0.00375,4e-05,PRUNED
215,215,0.6429036458333334,2023-02-07 16:49:11.350989,2023-02-07 16:53:59.877920,0 days 00:04:48.526931,1773,41,0.00375,4e-07,PRUNED
216,216,0.859375,2023-02-07 16:49:12.081267,2023-02-07 16:55:07.457286,0 days 00:05:55.376019,1317,41,0.00375,4e-07,PRUNED
217,217,0.791015625,2023-02-07 16:49:25.612675,2023-02-07 16:50:36.853109,0 days 00:01:11.240434,1177,41,0.00375,4e-05,PRUNED
218,218,0.7757161458333334,2023-02-07 16:49:28.117820,2023-02-07 16:51:50.827864,0 days 00:02:22.710044,1172,41,0.00375,4e-05,PRUNED
219,219,0.8050130208333334,2023-02-07 16:50:03.191705,2023-02-07 16:51:24.832315,0 days 00:01:21.640610,1310,41,0.00375,4e-07,PRUNED
220,220,0.7906901041666666,2023-02-07 16:50:36.875505,2023-02-07 16:53:02.645031,0 days 00:02:25.769526,1781,41,0.00375,4e-07,PRUNED
221,221,0.8268229166666666,2023-02-07 16:51:24.853696,2023-02-07 16:56:13.990657,0 days 00:04:49.136961,1252,41,0.00375,4e-06,PRUNED
222,222,0.7623697916666666,2023-02-07 16:51:50.848545,2023-02-07 16:53:14.471393,0 days 00:01:23.622848,1257,61,0.00375,4e-06,PRUNED
223,223,0.6953125,2023-02-07 16:53:02.663359,2023-02-07 16:54:43.887292,0 days 00:01:41.223933,1601,101,0.00375,4e-06,PRUNED
224,224,0.7620442708333334,2023-02-07 16:53:14.488430,2023-02-07 16:54:29.043111,0 days 00:01:14.554681,1093,51,0.00375,4e-08,PRUNED
225,225,0.53125,2023-02-07 16:53:59.892903,2023-02-07 16:55:38.191556,0 days 00:01:38.298653,2113,101,0.00375,4e-06,PRUNED
226,226,0.7952473958333334,2023-02-07 16:54:29.064996,2023-02-07 16:55:50.443938,0 days 00:01:21.378942,1049,51,0.00375,4e-08,PRUNED
227,227,0.4498697916666667,2023-02-07 16:54:43.904416,2023-02-07 16:56:02.046517,0 days 00:01:18.142101,1715,51,0.00375,4e-08,PRUNED
228,228,0.7718098958333334,2023-02-07 16:55:07.498021,2023-02-07 16:58:32.838887,0 days 00:03:25.340866,1268,31,0.00375,0.0,PRUNED
229,229,0.80859375,2023-02-07 16:55:38.244470,2023-02-07 16:59:12.927983,0 days 00:03:34.683513,1250,31,0.00375,0.0,PRUNED
230,230,0.8372395833333334,2023-02-07 16:55:50.461903,2023-02-07 17:00:23.925920,0 days 00:04:33.464017,1002,31,0.00375,0.0,PRUNED
231,231,0.34765625,2023-02-07 16:56:02.063309,2023-02-07 17:00:33.424564,0 days 00:04:31.361255,1244,31,0.00375,0.0,PRUNED
232,232,0.7819010416666666,2023-02-07 16:56:14.023543,2023-02-07 16:57:33.087406,0 days 00:01:19.063863,1000,31,0.00375,0.0,PRUNED
233,233,0.8590494791666666,2023-02-07 16:57:33.104997,2023-02-07 17:03:23.360730,0 days 00:05:50.255733,1211,31,0.00375,0.0,PRUNED
234,234,0.7838541666666666,2023-02-07 16:58:32.861012,2023-02-07 17:00:51.850025,0 days 00:02:18.989013,1207,31,0.00375,0.0,PRUNED
235,235,0.90234375,2023-02-07 16:59:12.948982,2023-02-07 17:27:47.235756,0 days 00:28:34.286774,1095,51,0.00375,4e-05,COMPLETE
236,236,0.0888671875,2023-02-07 17:00:23.948573,2023-02-07 17:01:47.633087,0 days 00:01:23.684514,1197,51,0.115,4e-05,PRUNED
237,237,0.654296875,2023-02-07 17:00:33.445119,2023-02-07 17:02:12.916626,0 days 00:01:39.471507,1091,91,0.00375,4e-05,PRUNED
238,238,0.8616536458333334,2023-02-07 17:00:51.864899,2023-02-07 17:06:50.774578,0 days 00:05:58.909679,1089,41,0.00375,4e-06,PRUNED
239,239,0.8518880208333334,2023-02-07 17:01:47.653101,2023-02-07 17:07:35.698489,0 days 00:05:48.045388,1091,41,0.00375,4e-06,PRUNED
240,240,0.7825520833333334,2023-02-07 17:02:12.938674,2023-02-07 17:03:29.176787,0 days 00:01:16.238113,1160,41,0.00375,4e-06,PRUNED
241,241,0.826171875,2023-02-07 17:02:52.175733,2023-02-07 17:07:36.495133,0 days 00:04:44.319400,1652,41,0.00375,4e-08,PRUNED
242,242,0.9016927083333334,2023-02-07 17:03:23.414780,2023-02-07 17:29:34.799347,0 days 00:26:11.384567,1141,41,0.00375,4e-08,COMPLETE
243,243,0.7900390625,2023-02-07 17:03:29.195564,2023-02-07 17:04:45.615638,0 days 00:01:16.420074,1080,41,0.00375,4e-08,PRUNED
244,244,0.22623697916666666,2023-02-07 17:04:45.637630,2023-02-07 17:06:03.160439,0 days 00:01:17.522809,1146,51,0.0125,4e-08,PRUNED
245,245,0.275390625,2023-02-07 17:06:03.189021,2023-02-07 17:10:53.371685,0 days 00:04:50.182664,1335,51,0.00375,4e-08,PRUNED
246,246,0.7555338541666666,2023-02-07 17:06:50.792603,2023-02-07 17:07:55.926290,0 days 00:01:05.133687,1393,21,0.00375,4e-08,PRUNED
247,247,0.7594401041666666,2023-02-07 17:07:35.724059,2023-02-07 17:08:52.046971,0 days 00:01:16.322912,1046,51,0.00375,4e-08,PRUNED
248,248,0.7972005208333334,2023-02-07 17:07:36.509246,2023-02-07 17:08:54.711315,0 days 00:01:18.202069,1040,51,0.00375,4e-08,PRUNED
249,249,0.8059895833333334,2023-02-07 17:07:55.945457,2023-02-07 17:09:08.390971,0 days 00:01:12.445514,1046,41,0.00375,4e-07,PRUNED
250,250,0.7669270833333334,2023-02-07 17:08:52.063282,2023-02-07 17:10:00.828151,0 days 00:01:08.764869,1133,41,0.00375,4e-07,PRUNED
251,251,0.7721354166666666,2023-02-07 17:08:54.727679,2023-02-07 17:13:38.703590,0 days 00:04:43.975911,1132,41,0.00375,4e-07,PRUNED
252,252,0.8544921875,2023-02-07 17:09:08.406054,2023-02-07 17:15:06.890145,0 days 00:05:58.484091,1132,41,0.00375,4e-07,PRUNED
253,253,0.8072916666666666,2023-02-07 17:10:00.846248,2023-02-07 17:11:19.173613,0 days 00:01:18.327365,1336,41,0.00375,4e-05,PRUNED
254,254,0.8089192708333334,2023-02-07 17:10:53.398641,2023-02-07 17:12:07.130934,0 days 00:01:13.732293,1163,41,0.00375,4e-05,PRUNED
255,255,0.7639973958333334,2023-02-07 17:11:19.200462,2023-02-07 17:12:38.185764,0 days 00:01:18.985302,1165,51,0.00375,4e-06,PRUNED
256,256,0.7701822916666666,2023-02-07 17:12:07.147286,2023-02-07 17:13:25.837987,0 days 00:01:18.690701,1488,51,0.00375,4e-06,PRUNED
257,257,0.7805989583333334,2023-02-07 17:12:38.202546,2023-02-07 17:13:51.843959,0 days 00:01:13.641413,1114,51,0.00375,4e-07,PRUNED
258,258,0.7952473958333334,2023-02-07 17:13:25.861623,2023-02-07 17:14:39.404437,0 days 00:01:13.542814,1118,51,0.00375,4e-07,PRUNED
259,259,0.7998046875,2023-02-07 17:13:38.718173,2023-02-07 17:14:59.554146,0 days 00:01:20.835973,1294,51,0.00375,0.0,PRUNED
260,260,0.8056640625,2023-02-07 17:13:51.870047,2023-02-07 17:15:07.862935,0 days 00:01:15.992888,1300,51,0.00375,0.0,PRUNED
261,261,0.099609375,2023-02-07 17:14:39.423231,2023-02-07 17:15:52.778698,0 days 00:01:13.355467,1456,41,0.15,0.0,PRUNED
262,262,0.7688802083333334,2023-02-07 17:14:59.579007,2023-02-07 17:16:12.935100,0 days 00:01:13.356093,1450,41,0.00375,0.0,PRUNED
263,263,0.7493489583333334,2023-02-07 17:15:06.908650,2023-02-07 17:16:37.058849,0 days 00:01:30.150199,1444,71,0.00375,4e-05,PRUNED
264,264,0.8082682291666666,2023-02-07 17:15:07.897040,2023-02-07 17:16:23.034179,0 days 00:01:15.137139,2527,41,0.00375,4e-05,PRUNED
265,265,0.8681640625,2023-02-07 17:15:52.798303,2023-02-07 17:21:40.950260,0 days 00:05:48.151957,1214,51,0.00375,4e-05,PRUNED
266,266,0.11979166666666667,2023-02-07 17:16:12.953526,2023-02-07 17:17:31.832531,0 days 00:01:18.879005,1000,51,0.075,4e-05,PRUNED
267,267,0.10514322916666667,2023-02-07 17:16:23.094448,2023-02-07 17:17:45.036246,0 days 00:01:21.941798,1192,61,0.075,4e-08,PRUNED
268,268,0.8069661458333334,2023-02-07 17:16:37.080939,2023-02-07 17:18:00.056728,0 days 00:01:22.975789,1184,61,0.00375,4e-08,PRUNED
269,269,0.6966145833333334,2023-02-07 17:17:31.860140,2023-02-07 17:18:59.697497,0 days 00:01:27.837357,1188,61,0.00375,4e-08,PRUNED
270,270,0.7858072916666666,2023-02-07 17:17:45.059706,2023-02-07 17:18:56.520135,0 days 00:01:11.460429,1230,51,0.00375,4e-08,PRUNED
271,271,0.10416666666666667,2023-02-07 17:18:00.080559,2023-02-07 17:19:20.475844,0 days 00:01:20.395285,1066,51,0.115,4e-06,PRUNED
272,272,0.09700520833333333,2023-02-07 17:18:56.541728,2023-02-07 17:20:06.441498,0 days 00:01:09.899770,1074,41,0.115,4e-06,PRUNED
273,273,0.10123697916666667,2023-02-07 17:18:59.713020,2023-02-07 17:20:15.803724,0 days 00:01:16.090704,1071,41,0.115,4e-06,PRUNED
274,274,0.7874348958333334,2023-02-07 17:19:20.495708,2023-02-07 17:20:36.868962,0 days 00:01:16.373254,1888,41,0.00375,0.0,PRUNED
275,275,0.6888020833333334,2023-02-07 17:20:06.459625,2023-02-07 17:21:38.894251,0 days 00:01:32.434626,1899,91,0.00375,0.0,PRUNED
276,276,0.7744140625,2023-02-07 17:20:15.823368,2023-02-07 17:21:30.872359,0 days 00:01:15.048991,1279,51,0.00375,0.0,PRUNED
277,277,0.10807291666666667,2023-02-07 17:20:36.886553,2023-02-07 17:22:05.147846,0 days 00:01:28.261293,1284,81,0.0125,4e-07,PRUNED
278,278,0.09537760416666667,2023-02-07 17:21:30.901106,2023-02-07 17:23:05.248933,0 days 00:01:34.347827,1231,91,0.0125,4e-07,PRUNED
279,279,0.13997395833333334,2023-02-07 17:21:38.921578,2023-02-07 17:22:45.653985,0 days 00:01:06.732407,1232,51,0.0125,4e-07,PRUNED
280,280,0.2718098958333333,2023-02-07 17:21:41.003711,2023-02-07 17:22:57.346708,0 days 00:01:16.342997,1034,51,0.0125,4e-07,PRUNED
281,281,0.4772135416666667,2023-02-07 17:22:05.164555,2023-02-07 17:26:55.254188,0 days 00:04:50.089633,1392,41,0.00375,4e-05,PRUNED
282,282,0.8681640625,2023-02-07 17:22:45.672649,2023-02-07 17:28:36.307282,0 days 00:05:50.634633,1041,41,0.00375,4e-05,PRUNED
283,283,0.9072265625,2023-02-07 17:22:57.375467,2023-02-07 17:37:19.743503,0 days 00:14:22.368036,1103,41,0.00375,4e-05,COMPLETE
284,284,0.7877604166666666,2023-02-07 17:23:05.276071,2023-02-07 17:24:26.851076,0 days 00:01:21.575005,1545,41,0.00375,4e-05,PRUNED
285,285,0.8238932291666666,2023-02-07 17:24:26.881474,2023-02-07 17:28:57.693585,0 days 00:04:30.812111,1390,31,0.00375,4e-08,PRUNED
286,286,0.8092447916666666,2023-02-07 17:26:55.270948,2023-02-07 17:28:08.461311,0 days 00:01:13.190363,1145,31,0.00375,4e-08,PRUNED
287,287,0.8304036458333334,2023-02-07 17:27:47.282036,2023-02-07 17:32:42.704778,0 days 00:04:55.422742,1034,51,0.00375,4e-05,PRUNED
288,288,0.7877604166666666,2023-02-07 17:28:08.485027,2023-02-07 17:29:28.671561,0 days 00:01:20.186534,1101,51,0.00375,4e-05,PRUNED
289,289,0.7978515625,2023-02-07 17:28:36.330148,2023-02-07 17:29:53.618327,0 days 00:01:17.288179,1102,51,0.00375,4e-05,PRUNED
290,290,0.8102213541666666,2023-02-07 17:28:57.716917,2023-02-07 17:30:15.267311,0 days 00:01:17.550394,1689,51,0.00375,4e-05,PRUNED
291,291,0.8232421875,2023-02-07 17:29:28.697081,2023-02-07 17:34:14.095765,0 days 00:04:45.398684,1684,51,0.00375,4e-08,PRUNED
292,292,0.912109375,2023-02-07 17:29:34.846810,2023-02-07 18:00:05.300286,0 days 00:30:30.453476,1107,51,0.00375,4e-08,COMPLETE
293,293,0.8040364583333334,2023-02-07 17:29:53.633654,2023-02-07 17:31:11.325853,0 days 00:01:17.692199,1003,51,0.00375,4e-08,PRUNED
294,294,0.7900390625,2023-02-07 17:30:15.293362,2023-02-07 17:31:36.014832,0 days 00:01:20.721470,1107,51,0.00375,4e-08,PRUNED
295,295,0.087890625,2023-02-07 17:31:11.353276,2023-02-07 17:32:48.278087,0 days 00:01:36.924811,1165,101,0.15,4e-08,PRUNED
296,296,0.16666666666666666,2023-02-07 17:31:36.031615,2023-02-07 17:33:15.001586,0 days 00:01:38.969971,1162,101,0.15,4e-08,PRUNED
297,297,0.11588541666666667,2023-02-07 17:32:42.742336,2023-02-07 17:33:57.174399,0 days 00:01:14.432063,1169,51,0.15,4e-08,PRUNED
298,298,0.5393880208333334,2023-02-07 17:32:48.691813,2023-02-07 17:34:11.227853,0 days 00:01:22.536040,1989,51,0.00375,4e-08,PRUNED
299,299,0.8626302083333334,2023-02-07 17:33:15.075399,2023-02-07 17:39:21.488496,0 days 00:06:06.413097,1087,51,0.00375,4e-08,PRUNED
300,300,0.8948567708333334,2023-02-07 17:33:57.206885,2023-02-07 17:54:10.573979,0 days 00:20:13.367094,1086,41,0.00375,4e-05,COMPLETE
301,301,0.76953125,2023-02-07 17:34:11.259296,2023-02-07 17:35:27.033124,0 days 00:01:15.773828,1066,41,0.00375,4e-05,PRUNED
302,302,0.8121744791666666,2023-02-07 17:34:14.113484,2023-02-07 17:35:33.052331,0 days 00:01:18.938847,1077,41,0.00375,4e-05,PRUNED
303,303,0.7822265625,2023-02-07 17:35:27.049818,2023-02-07 17:36:42.563603,0 days 00:01:15.513785,1625,41,0.00375,4e-07,PRUNED
304,304,0.8583984375,2023-02-07 17:35:33.072689,2023-02-07 17:41:34.676081,0 days 00:06:01.603392,1507,41,0.00375,4e-07,PRUNED
305,305,0.8128255208333334,2023-02-07 17:36:42.605456,2023-02-07 17:38:01.886755,0 days 00:01:19.281299,1127,51,0.00375,4e-07,PRUNED
306,306,0.8072916666666666,2023-02-07 17:37:19.770698,2023-02-07 17:38:36.624771,0 days 00:01:16.854073,1105,41,0.00375,4e-05,PRUNED
307,307,0.8997395833333334,2023-02-07 17:38:01.910247,2023-02-07 17:50:49.957041,0 days 00:12:48.046794,1112,41,0.00375,4e-05,COMPLETE
308,308,0.9065755208333334,2023-02-07 17:38:36.645673,2023-02-07 18:08:21.584760,0 days 00:29:44.939087,1060,51,0.00375,4e-05,COMPLETE
309,309,0.8225911458333334,2023-02-07 17:39:21.505776,2023-02-07 17:44:14.363717,0 days 00:04:52.857941,1746,41,0.00375,4e-05,PRUNED
310,310,0.896484375,2023-02-07 17:41:35.022403,2023-02-07 17:59:16.131269,0 days 00:17:41.108866,1032,51,0.00375,4e-05,COMPLETE
311,311,0.5579427083333334,2023-02-07 17:44:14.389857,2023-02-07 17:45:41.540779,0 days 00:01:27.150922,1040,61,0.00375,4e-05,PRUNED
312,312,0.8098958333333334,2023-02-07 17:45:41.566192,2023-02-07 17:52:03.421346,0 days 00:06:21.855154,1119,51,0.00375,4e-05,PRUNED
313,313,0.80078125,2023-02-07 17:50:49.998937,2023-02-07 17:52:05.994995,0 days 00:01:15.996058,1582,41,0.00375,4e-05,PRUNED
314,314,0.7932942708333334,2023-02-07 17:52:03.444732,2023-02-07 17:53:19.081853,0 days 00:01:15.637121,1572,41,0.00375,4e-05,PRUNED
315,315,0.9020182291666666,2023-02-07 17:52:06.010977,2023-02-07 18:10:24.566279,0 days 00:18:18.555302,1159,41,0.00375,4e-05,COMPLETE
316,316,0.830078125,2023-02-07 17:53:19.098600,2023-02-07 17:58:10.284976,0 days 00:04:51.186376,1148,41,0.00375,4e-05,PRUNED
317,317,0.8707682291666666,2023-02-07 17:54:10.613287,2023-02-07 18:00:16.200035,0 days 00:06:05.586748,1144,41,0.00375,4e-05,PRUNED
318,318,0.8125,2023-02-07 17:58:10.304551,2023-02-07 17:59:27.402606,0 days 00:01:17.098055,1190,41,0.00375,4e-05,PRUNED
319,319,0.7106119791666666,2023-02-07 17:59:16.179878,2023-02-07 18:00:32.696972,0 days 00:01:16.517094,1200,41,0.00375,4e-05,PRUNED
320,320,0.8408203125,2023-02-07 17:59:27.430639,2023-02-07 18:04:16.508843,0 days 00:04:49.078204,1003,41,0.00375,4e-05,PRUNED
321,321,0.8330078125,2023-02-07 18:00:05.332422,2023-02-07 18:04:57.674523,0 days 00:04:52.342101,1143,41,0.00375,0.0,PRUNED
322,322,0.8235677083333334,2023-02-07 18:00:16.216993,2023-02-07 18:05:02.693370,0 days 00:04:46.476377,1215,41,0.00375,0.0,PRUNED
323,323,0.099609375,2023-02-07 18:00:32.724897,2023-02-07 18:01:54.171638,0 days 00:01:21.446741,1152,41,0.075,0.0,PRUNED
324,324,0.7972005208333334,2023-02-07 18:01:54.188894,2023-02-07 18:03:16.630196,0 days 00:01:22.441302,1118,51,0.00375,0.0,PRUNED
325,325,0.830078125,2023-02-07 18:03:16.649207,2023-02-07 18:11:36.384675,0 days 00:08:19.735468,1235,41,0.00375,4e-08,PRUNED
326,326,0.6432291666666666,2023-02-07 18:04:16.525086,2023-02-07 18:05:37.824693,0 days 00:01:21.299607,1243,51,0.00375,4e-08,PRUNED
327,327,0.8069661458333334,2023-02-07 18:04:57.693467,2023-02-07 18:06:19.146346,0 days 00:01:21.452879,1236,51,0.00375,4e-08,PRUNED
328,328,0.8720703125,2023-02-07 18:05:02.741039,2023-02-07 18:11:20.189932,0 days 00:06:17.448893,1184,51,0.00375,4e-08,PRUNED
329,329,0.736328125,2023-02-07 18:05:37.854482,2023-02-07 18:07:08.291066,0 days 00:01:30.436584,1180,51,0.00375,4e-08,PRUNED
330,330,0.7893880208333334,2023-02-07 18:06:19.168747,2023-02-07 18:07:40.367635,0 days 00:01:21.198888,1181,51,0.00375,4e-05,PRUNED
331,331,0.7532552083333334,2023-02-07 18:07:08.310724,2023-02-07 18:08:18.887556,0 days 00:01:10.576832,1108,21,0.00375,4e-05,PRUNED
332,332,0.7900390625,2023-02-07 18:07:40.385020,2023-02-07 18:11:19.045020,0 days 00:03:38.660000,1820,41,0.00375,0.0,PRUNED
333,333,0.7854817708333334,2023-02-07 18:08:18.903727,2023-02-07 18:09:42.942043,0 days 00:01:24.038316,1807,61,0.00375,0.0,PRUNED
334,334,0.7962239583333334,2023-02-07 18:08:21.613913,2023-02-07 18:09:39.275539,0 days 00:01:17.661626,1066,51,0.00375,0.0,PRUNED
335,335,0.6376953125,2023-02-07 18:09:39.301469,2023-02-07 18:10:54.923434,0 days 00:01:15.621965,1077,61,0.00375,4e-08,PRUNED
336,336,0.7796223958333334,2023-02-07 18:09:42.958104,2023-02-07 18:11:04.707026,0 days 00:01:21.748922,1047,51,0.00375,4e-08,PRUNED
337,337,0.7942708333333334,2023-02-07 18:10:24.604047,2023-02-07 18:11:41.384881,0 days 00:01:16.780834,1730,51,0.00375,4e-05,PRUNED
338,338,0.810546875,2023-02-07 18:10:54.955163,2023-02-07 18:12:06.606590,0 days 00:01:11.651427,1261,51,0.00375,4e-05,PRUNED
339,339,0.19596354166666666,2023-02-07 18:11:04.722697,2023-02-07 18:15:56.370305,0 days 00:04:51.647608,1648,51,0.00375,4e-05,PRUNED
340,340,0.8434244791666666,2023-02-07 18:11:19.077337,2023-02-07 18:16:21.175407,0 days 00:05:02.098070,2066,51,0.00375,4e-05,PRUNED
341,341,0.8277994791666666,2023-02-07 18:11:20.204793,2023-02-07 18:15:02.763866,0 days 00:03:42.559073,1261,51,0.00375,4e-05,PRUNED
342,342,0.7952473958333334,2023-02-07 18:11:36.404185,2023-02-07 18:12:58.048095,0 days 00:01:21.643910,1120,51,0.00375,4e-05,PRUNED
343,343,0.8987630208333334,2023-02-07 18:11:41.400398,2023-02-07 18:29:15.163977,0 days 00:17:33.763579,1138,51,0.00375,4e-05,COMPLETE
344,344,0.8014322916666666,2023-02-07 18:12:06.625341,2023-02-07 18:13:18.719340,0 days 00:01:12.093999,1122,51,0.00375,4e-05,PRUNED
345,345,0.7978515625,2023-02-07 18:12:58.084493,2023-02-07 18:14:20.504459,0 days 00:01:22.419966,1652,51,0.00375,4e-05,PRUNED
346,346,0.7786458333333334,2023-02-07 18:13:18.736904,2023-02-07 18:14:38.187713,0 days 00:01:19.450809,1648,51,0.00375,4e-05,PRUNED
347,347,0.095703125,2023-02-07 18:14:20.520848,2023-02-07 18:15:37.604937,0 days 00:01:17.084089,1329,51,0.075,4e-05,PRUNED
348,348,0.10319010416666667,2023-02-07 18:14:38.253048,2023-02-07 18:15:57.769168,0 days 00:01:19.516120,1312,51,0.075,4e-05,PRUNED
349,349,0.0390625,2023-02-07 18:15:03.017144,2023-02-07 18:16:21.930521,0 days 00:01:18.913377,1001,51,0.115,0.0,PRUNED
350,350,0.10026041666666667,2023-02-07 18:15:37.632340,2023-02-07 18:16:59.813100,0 days 00:01:22.180760,1032,61,0.115,0.0,PRUNED
351,351,0.10026041666666667,2023-02-07 18:15:56.389291,2023-02-07 18:17:14.228045,0 days 00:01:17.838754,2278,61,0.115,0.0,PRUNED
352,352,0.09765625,2023-02-07 18:15:57.782604,2023-02-07 18:17:07.747231,0 days 00:01:09.964627,1036,41,0.115,0.0,PRUNED
353,353,0.7854817708333334,2023-02-07 18:16:21.442507,2023-02-07 18:17:27.165310,0 days 00:01:05.722803,1036,41,0.00375,0.0,PRUNED
354,354,0.7018229166666666,2023-02-07 18:16:21.948128,2023-02-07 18:17:43.860458,0 days 00:01:21.912330,1066,61,0.00375,0.0,PRUNED
355,355,0.7578125,2023-02-07 18:16:59.828621,2023-02-07 18:18:11.213549,0 days 00:01:11.384928,1076,41,0.00375,4e-08,PRUNED
356,356,0.7864583333333334,2023-02-07 18:17:07.762364,2023-02-07 18:18:19.359660,0 days 00:01:11.597296,1083,41,0.00375,4e-08,PRUNED
357,357,0.6389973958333334,2023-02-07 18:17:14.242694,2023-02-07 18:27:36.587151,0 days 00:10:22.344457,1148,41,0.00375,4e-08,PRUNED
358,358,0.8616536458333334,2023-02-07 18:17:27.181426,2023-02-07 18:23:36.229566,0 days 00:06:09.048140,1078,41,0.00375,4e-08,PRUNED
359,359,0.8043619791666666,2023-02-07 18:17:43.879272,2023-02-07 18:19:01.993877,0 days 00:01:18.114605,1177,41,0.00375,4e-08,PRUNED
360,360,0.7786458333333334,2023-02-07 18:18:11.232187,2023-02-07 18:19:35.067114,0 days 00:01:23.834927,1146,51,0.00375,4e-05,PRUNED
361,361,0.8157552083333334,2023-02-07 18:18:19.378930,2023-02-07 18:19:39.643925,0 days 00:01:20.264995,1137,51,0.00375,4e-05,PRUNED
362,362,0.8707682291666666,2023-02-07 18:19:02.013637,2023-02-07 18:25:22.788534,0 days 00:06:20.774897,1136,51,0.00375,4e-05,PRUNED
363,363,0.7880859375,2023-02-07 18:19:35.093753,2023-02-07 18:20:50.728331,0 days 00:01:15.634578,1121,31,0.00375,4e-05,PRUNED
364,364,0.7731119791666666,2023-02-07 18:19:39.667707,2023-02-07 18:20:44.006417,0 days 00:01:04.338710,1210,11,0.00375,4e-05,PRUNED
365,365,0.8141276041666666,2023-02-07 18:20:44.036188,2023-02-07 18:25:04.840686,0 days 00:04:20.804498,1111,31,0.00375,4e-08,PRUNED
366,366,0.8069661458333334,2023-02-07 18:20:50.745737,2023-02-07 18:22:14.638938,0 days 00:01:23.893201,1192,51,0.00375,4e-08,PRUNED
367,367,0.7799479166666666,2023-02-07 18:22:14.655756,2023-02-07 18:23:38.388990,0 days 00:01:23.733234,1103,41,0.00375,4e-08,PRUNED
368,368,0.8160807291666666,2023-02-07 18:23:36.261209,2023-02-07 18:24:57.970526,0 days 00:01:21.709317,1283,41,0.00375,4e-05,PRUNED
369,369,0.8095703125,2023-02-07 18:23:38.411333,2023-02-07 18:25:01.652619,0 days 00:01:23.241286,1350,51,0.00375,4e-05,PRUNED
370,370,0.10514322916666667,2023-02-07 18:24:58.005848,2023-02-07 18:26:16.026584,0 days 00:01:18.020736,1156,51,0.15,0.0,PRUNED
371,371,0.13248697916666666,2023-02-07 18:25:01.671606,2023-02-07 18:26:18.779085,0 days 00:01:17.107479,1155,51,0.15,0.0,PRUNED
372,372,0.10514322916666667,2023-02-07 18:25:04.861740,2023-02-07 18:26:18.748887,0 days 00:01:13.887147,1165,51,0.15,0.0,PRUNED
373,373,0.1015625,2023-02-07 18:25:22.807709,2023-02-07 18:26:44.302732,0 days 00:01:21.495023,1167,51,0.15,0.0,PRUNED
374,374,0.7776692708333334,2023-02-07 18:26:16.079910,2023-02-07 18:27:33.655428,0 days 00:01:17.575518,1212,41,0.00375,4e-05,PRUNED
375,375,0.7923177083333334,2023-02-07 18:26:18.776328,2023-02-07 18:27:27.370488,0 days 00:01:08.594160,1219,41,0.00375,4e-05,PRUNED
376,376,0.5797526041666666,2023-02-07 18:26:18.834871,2023-02-07 18:29:40.636755,0 days 00:03:21.801884,1852,41,0.00375,4e-05,PRUNED
377,377,0.8343098958333334,2023-02-07 18:26:44.323944,2023-02-07 18:30:19.286545,0 days 00:03:34.962601,2871,41,0.00375,4e-05,PRUNED
378,378,0.7975260416666666,2023-02-07 18:27:27.393546,2023-02-07 18:28:41.357054,0 days 00:01:13.963508,1005,41,0.00375,4e-08,PRUNED
379,379,0.17220052083333334,2023-02-07 18:27:33.686103,2023-02-07 18:28:52.947094,0 days 00:01:19.260991,1058,41,0.0125,4e-05,PRUNED
380,380,0.15625,2023-02-07 18:27:36.613578,2023-02-07 18:28:55.176419,0 days 00:01:18.562841,1864,51,0.0125,4e-05,PRUNED
381,381,0.80078125,2023-02-07 18:28:41.375655,2023-02-07 18:29:55.532939,0 days 00:01:14.157284,1060,51,0.00375,4e-05,PRUNED
382,382,0.8277994791666666,2023-02-07 18:28:52.966266,2023-02-07 18:33:47.511358,0 days 00:04:54.545092,1271,51,0.00375,0.0,PRUNED
383,383,0.83203125,2023-02-07 18:28:55.189435,2023-02-07 18:33:34.622003,0 days 00:04:39.432568,1266,51,0.00375,0.0,PRUNED
384,384,0.8206380208333334,2023-02-07 18:29:15.226980,2023-02-07 18:32:52.060402,0 days 00:03:36.833422,1280,51,0.00375,4e-05,PRUNED
385,385,0.7783203125,2023-02-07 18:29:40.656989,2023-02-07 18:31:03.283680,0 days 00:01:22.626691,1768,51,0.00375,4e-05,PRUNED
386,386,0.7903645833333334,2023-02-07 18:29:55.557638,2023-02-07 18:31:11.770396,0 days 00:01:16.212758,1782,51,0.00375,4e-05,PRUNED
387,387,0.8076171875,2023-02-07 18:30:19.306839,2023-02-07 18:31:37.357455,0 days 00:01:18.050616,1237,51,0.00375,4e-05,PRUNED
388,388,0.8668619791666666,2023-02-07 18:31:03.300699,2023-02-07 18:36:57.291752,0 days 00:05:53.991053,1269,51,0.00375,4e-05,PRUNED
389,389,0.7981770833333334,2023-02-07 18:31:11.798844,2023-02-07 18:32:29.803554,0 days 00:01:18.004710,1244,51,0.00375,4e-07,PRUNED
390,390,0.7828776041666666,2023-02-07 18:31:37.373356,2023-02-07 18:32:59.387401,0 days 00:01:22.014045,1267,51,0.00375,4e-07,PRUNED
391,391,0.8102213541666666,2023-02-07 18:32:29.827378,2023-02-07 18:33:44.903336,0 days 00:01:15.075958,1711,51,0.00375,4e-08,PRUNED
392,392,0.8935546875,2023-02-07 18:32:52.082738,2023-02-07 18:44:30.341525,0 days 00:11:38.258787,1709,51,0.00375,4e-08,COMPLETE
393,393,0.8209635416666666,2023-02-07 18:32:59.406657,2023-02-07 18:36:33.660045,0 days 00:03:34.253388,1710,41,0.00375,4e-08,PRUNED
394,394,0.7939453125,2023-02-07 18:33:34.650381,2023-02-07 18:34:58.248249,0 days 00:01:23.597868,1210,61,0.00375,4e-05,PRUNED
395,395,0.7587890625,2023-02-07 18:33:44.926777,2023-02-07 18:34:59.280449,0 days 00:01:14.353672,1195,61,0.00375,4e-05,PRUNED
396,396,0.7659505208333334,2023-02-07 18:33:47.538119,2023-02-07 18:35:13.007712,0 days 00:01:25.469593,1191,61,0.00375,4e-05,PRUNED
397,397,0.7978515625,2023-02-07 18:34:58.264950,2023-02-07 18:36:20.520249,0 days 00:01:22.255299,1096,41,0.00375,4e-08,PRUNED
398,398,0.8079427083333334,2023-02-07 18:34:59.300837,2023-02-07 18:36:20.500074,0 days 00:01:21.199237,1113,41,0.00375,4e-08,PRUNED
399,399,0.8079427083333334,2023-02-07 18:35:13.041611,2023-02-07 18:36:25.724656,0 days 00:01:12.683045,1096,41,0.00375,4e-08,PRUNED
400,400,0.6910807291666666,2023-02-07 18:36:20.549176,2023-02-07 18:37:30.302763,0 days 00:01:09.753587,1614,41,0.00375,4e-07,PRUNED
401,401,0.806640625,2023-02-07 18:36:20.563857,2023-02-07 18:37:33.364681,0 days 00:01:12.800824,1359,41,0.00375,4e-07,PRUNED
402,402,0.806640625,2023-02-07 18:36:25.743597,2023-02-07 18:37:38.773298,0 days 00:01:13.029701,1131,51,0.00375,4e-07,PRUNED
403,403,0.09505208333333333,2023-02-07 18:36:33.678119,2023-02-07 18:37:54.038154,0 days 00:01:20.360035,1340,51,0.075,4e-07,PRUNED
404,404,0.10970052083333333,2023-02-07 18:36:57.307883,2023-02-07 18:38:18.476787,0 days 00:01:21.168904,1322,51,0.075,4e-07,PRUNED
405,405,0.099609375,2023-02-07 18:37:30.321941,2023-02-07 18:38:36.511246,0 days 00:01:06.189305,1532,51,0.075,4e-05,PRUNED
406,406,0.10319010416666667,2023-02-07 18:37:33.405276,2023-02-07 18:38:47.463706,0 days 00:01:14.058430,1142,51,0.075,4e-05,PRUNED
407,407,0.8050130208333334,2023-02-07 18:37:38.798752,2023-02-07 18:38:54.745379,0 days 00:01:15.946627,1943,51,0.00375,4e-05,PRUNED
408,408,0.826171875,2023-02-07 18:37:54.065933,2023-02-07 18:41:44.897674,0 days 00:03:50.831741,1176,51,0.00375,4e-05,PRUNED
409,409,0.7906901041666666,2023-02-07 18:38:18.493424,2023-02-07 18:39:39.550614,0 days 00:01:21.057190,1523,51,0.00375,4e-05,PRUNED
410,410,0.8365885416666666,2023-02-07 18:38:36.526860,2023-02-07 18:42:00.928043,0 days 00:03:24.401183,1163,41,0.00375,4e-05,PRUNED
411,411,0.8326822916666666,2023-02-07 18:38:47.478288,2023-02-07 18:42:23.165906,0 days 00:03:35.687618,1187,41,0.00375,4e-08,PRUNED
412,412,0.8365885416666666,2023-02-07 18:38:54.761757,2023-02-07 18:42:38.833487,0 days 00:03:44.071730,1189,41,0.00375,4e-08,PRUNED
413,413,0.8942057291666666,2023-02-07 18:39:39.576706,2023-02-07 18:59:30.058105,0 days 00:19:50.481399,1189,41,0.00375,4e-08,COMPLETE
414,414,0.8619791666666666,2023-02-07 18:41:44.914407,2023-02-07 18:47:48.473561,0 days 00:06:03.559154,2523,41,0.00375,4e-08,PRUNED
415,415,0.8271484375,2023-02-07 18:42:00.954421,2023-02-07 18:45:27.604630,0 days 00:03:26.650209,1089,41,0.00375,4e-08,PRUNED
416,416,0.3704427083333333,2023-02-07 18:42:23.185589,2023-02-07 18:52:51.527651,0 days 00:10:28.342062,1106,41,0.00375,4e-06,PRUNED
417,417,0.8310546875,2023-02-07 18:42:38.848754,2023-02-07 18:46:27.340115,0 days 00:03:48.491361,1101,41,0.00375,4e-06,PRUNED
418,418,0.8076171875,2023-02-07 18:44:30.379453,2023-02-07 18:45:46.369962,0 days 00:01:15.990509,1102,41,0.00375,4e-06,PRUNED
419,419,0.7958984375,2023-02-07 18:45:27.659770,2023-02-07 18:46:39.079644,0 days 00:01:11.419874,1118,41,0.00375,4e-06,PRUNED
420,420,0.7916666666666666,2023-02-07 18:45:46.411330,2023-02-07 18:47:05.208702,0 days 00:01:18.797372,1406,51,0.00375,4e-05,PRUNED
421,421,0.90625,2023-02-07 18:46:27.358835,2023-02-07 19:07:52.477498,0 days 00:21:25.118663,1403,51,0.00375,4e-05,COMPLETE
422,422,0.7906901041666666,2023-02-07 18:46:39.097741,2023-02-07 18:48:05.634494,0 days 00:01:26.536753,1054,71,0.00375,4e-05,PRUNED
423,423,0.7141927083333334,2023-02-07 18:47:05.241807,2023-02-07 18:48:30.857636,0 days 00:01:25.615829,1040,71,0.00375,4e-05,PRUNED
424,424,0.9069010416666666,2023-02-07 18:47:48.493363,2023-02-07 19:07:28.503809,0 days 00:19:40.010446,1038,51,0.00375,4e-05,COMPLETE
425,425,0.8001302083333334,2023-02-07 18:48:05.651883,2023-02-07 18:49:22.977232,0 days 00:01:17.325349,1045,51,0.00375,0.0,PRUNED
426,426,0.7962239583333334,2023-02-07 18:48:30.883059,2023-02-07 18:49:46.390629,0 days 00:01:15.507570,1232,51,0.00375,0.0,PRUNED
427,427,0.79296875,2023-02-07 18:49:23.002780,2023-02-07 18:50:39.379918,0 days 00:01:16.377138,1481,51,0.00375,4e-05,PRUNED
428,428,0.7975260416666666,2023-02-07 18:49:46.416481,2023-02-07 18:51:06.918844,0 days 00:01:20.502363,1146,51,0.00375,4e-05,PRUNED
429,429,0.6975911458333334,2023-02-07 18:50:39.398372,2023-02-07 18:52:00.073050,0 days 00:01:20.674678,1154,61,0.00375,4e-08,PRUNED
430,430,0.86328125,2023-02-07 18:51:06.946401,2023-02-07 18:59:35.847868,0 days 00:08:28.901467,1216,51,0.00375,4e-08,PRUNED
431,431,0.4225260416666667,2023-02-07 18:52:00.090688,2023-02-07 18:53:13.550432,0 days 00:01:13.459744,1208,41,0.0125,0.0,PRUNED
432,432,0.7936197916666666,2023-02-07 18:52:51.570774,2023-02-07 18:54:09.778479,0 days 00:01:18.207705,1302,51,0.00375,0.0,PRUNED
433,433,0.8649088541666666,2023-02-07 18:53:13.568824,2023-02-07 18:59:18.446271,0 days 00:06:04.877447,1578,51,0.00375,4e-05,PRUNED
434,434,0.9029947916666666,2023-02-07 18:54:09.794655,2023-02-07 19:15:35.535195,0 days 00:21:25.740540,1084,51,0.00375,4e-05,COMPLETE
435,435,0.7776692708333334,2023-02-07 18:59:18.469627,2023-02-07 19:00:32.261037,0 days 00:01:13.791410,1078,51,0.00375,4e-08,PRUNED
436,436,0.3020833333333333,2023-02-07 18:59:30.094176,2023-02-07 19:00:50.006757,0 days 00:01:19.912581,1071,51,0.00375,4e-07,PRUNED
437,437,0.7972005208333334,2023-02-07 18:59:35.864303,2023-02-07 19:00:51.177597,0 days 00:01:15.313294,1000,41,0.00375,4e-07,PRUNED
438,438,0.7809244791666666,2023-02-07 19:00:32.279084,2023-02-07 19:01:53.854094,0 days 00:01:21.575010,1143,61,0.00375,4e-07,PRUNED
439,439,0.8043619791666666,2023-02-07 19:00:50.025014,2023-02-07 19:02:09.393942,0 days 00:01:19.368928,2029,61,0.00375,4e-05,PRUNED
440,440,0.7395833333333334,2023-02-07 19:00:51.195790,2023-02-07 19:01:47.271573,0 days 00:00:56.075783,1135,1,0.00375,4e-05,PRUNED
441,441,0.7626953125,2023-02-07 19:01:47.288581,2023-02-07 19:03:13.611472,0 days 00:01:26.322891,1124,81,0.00375,4e-05,PRUNED
442,442,0.8160807291666666,2023-02-07 19:01:53.882797,2023-02-07 19:03:08.763180,0 days 00:01:14.880383,1421,51,0.00375,4e-05,PRUNED
443,443,0.8199869791666666,2023-02-07 19:02:09.414074,2023-02-07 19:05:54.078372,0 days 00:03:44.664298,1069,51,0.00375,4e-05,PRUNED
444,444,0.8141276041666666,2023-02-07 19:03:08.800064,2023-02-07 19:04:23.013141,0 days 00:01:14.213077,1306,41,0.00375,0.0,PRUNED
445,445,0.7919921875,2023-02-07 19:03:13.631219,2023-02-07 19:04:26.327910,0 days 00:01:12.696691,1054,41,0.00375,0.0,PRUNED
446,446,0.13932291666666666,2023-02-07 19:04:23.038832,2023-02-07 19:05:38.359051,0 days 00:01:15.320219,1063,51,0.115,4e-05,PRUNED
447,447,0.10904947916666667,2023-02-07 19:04:26.349768,2023-02-07 19:05:41.309472,0 days 00:01:14.959704,1241,51,0.115,4e-05,PRUNED
448,448,0.8033854166666666,2023-02-07 19:05:38.377209,2023-02-07 19:06:52.908266,0 days 00:01:14.531057,1232,51,0.00375,4e-08,PRUNED
449,449,0.7981770833333334,2023-02-07 19:05:41.329683,2023-02-07 19:06:53.762880,0 days 00:01:12.433197,1170,31,0.00375,4e-08,PRUNED
450,450,0.7581380208333334,2023-02-07 19:05:54.094751,2023-02-07 19:07:10.414535,0 days 00:01:16.319784,1175,41,0.00375,4e-08,PRUNED
451,451,0.8147786458333334,2023-02-07 19:06:52.932173,2023-02-07 19:08:01.199524,0 days 00:01:08.267351,1173,41,0.00375,0.0,PRUNED
452,452,0.7770182291666666,2023-02-07 19:06:53.778689,2023-02-07 19:08:04.311253,0 days 00:01:10.532564,1106,41,0.00375,0.0,PRUNED
453,453,0.8238932291666666,2023-02-07 19:07:10.440467,2023-02-07 19:11:40.020537,0 days 00:04:29.580070,1108,41,0.00375,0.0,PRUNED
454,454,0.7766927083333334,2023-02-07 19:07:28.539942,2023-02-07 19:08:45.602759,0 days 00:01:17.062817,1006,51,0.00375,4e-05,PRUNED
455,455,0.9046223958333334,2023-02-07 19:07:52.519918,2023-02-07 19:24:25.815165,0 days 00:16:33.295247,1464,51,0.00375,4e-05,COMPLETE
456,456,0.9036458333333334,2023-02-07 19:08:01.223910,2023-02-07 19:25:09.645940,0 days 00:17:08.422030,1467,51,0.00375,4e-05,COMPLETE
457,457,0.3870442708333333,2023-02-07 19:08:04.354597,2023-02-07 19:09:24.290611,0 days 00:01:19.936014,1451,51,0.0125,4e-05,PRUNED
458,458,0.8238932291666666,2023-02-07 19:08:45.619976,2023-02-07 19:12:37.658388,0 days 00:03:52.038412,1485,51,0.00375,4e-05,PRUNED
459,459,0.9046223958333334,2023-02-07 19:09:24.325551,2023-02-07 19:25:47.995793,0 days 00:16:23.670242,1500,51,0.00375,4e-05,COMPLETE
460,460,0.7731119791666666,2023-02-07 19:11:40.043923,2023-02-07 19:12:59.851987,0 days 00:01:19.808064,1495,51,0.00375,4e-05,PRUNED
461,461,0.8167317708333334,2023-02-07 19:12:37.677194,2023-02-07 19:13:59.107772,0 days 00:01:21.430578,1411,51,0.00375,4e-05,PRUNED
462,462,0.7477213541666666,2023-02-07 19:12:59.873515,2023-02-07 19:14:23.049700,0 days 00:01:23.176185,1025,51,0.00375,4e-05,PRUNED
463,463,0.7848307291666666,2023-02-07 19:13:59.125770,2023-02-07 19:15:25.422544,0 days 00:01:26.296774,1022,61,0.00375,4e-05,PRUNED
464,464,0.7080078125,2023-02-07 19:14:23.070061,2023-02-07 19:15:43.592552,0 days 00:01:20.522491,1376,61,0.00375,4e-05,PRUNED
465,465,0.80078125,2023-02-07 19:15:25.443053,2023-02-07 19:16:50.628490,0 days 00:01:25.185437,1071,51,0.00375,4e-05,PRUNED
466,466,0.7604166666666666,2023-02-07 19:15:35.573032,2023-02-07 19:16:51.298382,0 days 00:01:15.725350,1039,51,0.00375,4e-07,PRUNED
467,467,0.7724609375,2023-02-07 19:15:43.610792,2023-02-07 19:17:04.807101,0 days 00:01:21.196309,1002,51,0.00375,4e-07,PRUNED
468,468,0.09505208333333333,2023-02-07 19:16:50.654728,2023-02-07 19:18:09.658333,0 days 00:01:19.003605,1039,51,0.15,4e-08,PRUNED
469,469,0.7835286458333334,2023-02-07 19:16:51.317424,2023-02-07 19:18:08.426776,0 days 00:01:17.109352,1000,51,0.00375,4e-08,PRUNED
470,470,0.7307942708333334,2023-02-07 19:17:04.825068,2023-02-07 19:18:26.309037,0 days 00:01:21.483969,1454,51,0.00375,4e-08,PRUNED
471,471,0.8128255208333334,2023-02-07 19:18:08.444745,2023-02-07 19:19:21.680377,0 days 00:01:13.235632,1087,51,0.00375,4e-05,PRUNED
472,472,0.8375651041666666,2023-02-07 19:18:09.670539,2023-02-07 19:23:11.482785,0 days 00:05:01.812246,1081,51,0.00375,4e-05,PRUNED
473,473,0.7652994791666666,2023-02-07 19:18:26.327141,2023-02-07 19:19:43.210686,0 days 00:01:16.883545,1548,51,0.00375,4e-05,PRUNED
474,474,0.841796875,2023-02-07 19:19:21.700451,2023-02-07 19:24:18.791353,0 days 00:04:57.090902,1083,51,0.00375,4e-05,PRUNED
475,475,0.8059895833333334,2023-02-07 19:19:43.241529,2023-02-07 19:21:08.614605,0 days 00:01:25.373076,1078,51,0.00375,0.0,PRUNED
476,476,0.8157552083333334,2023-02-07 19:21:08.631730,2023-02-07 19:22:34.594865,0 days 00:01:25.963135,1807,51,0.00375,4e-05,PRUNED
477,477,0.8033854166666666,2023-02-07 19:22:34.619013,2023-02-07 19:23:56.137192,0 days 00:01:21.518179,1379,51,0.00375,4e-05,PRUNED
478,478,0.8307291666666666,2023-02-07 19:23:11.502461,2023-02-07 19:28:40.214676,0 days 00:05:28.712215,1749,51,0.00375,4e-07,PRUNED
479,479,0.7955729166666666,2023-02-07 19:23:56.154048,2023-02-07 19:25:16.711060,0 days 00:01:20.557012,1109,51,0.00375,4e-07,PRUNED
480,480,0.7659505208333334,2023-02-07 19:24:18.831282,2023-02-07 19:25:33.869508,0 days 00:01:15.038226,1137,51,0.00375,4e-07,PRUNED
481,481,0.8076171875,2023-02-07 19:24:25.856803,2023-02-07 19:25:47.472978,0 days 00:01:21.616175,1439,51,0.00375,4e-05,PRUNED
482,482,0.173828125,2023-02-07 19:25:09.685366,2023-02-07 19:26:21.885396,0 days 00:01:12.200030,1489,61,0.0125,4e-05,PRUNED
483,483,0.7727864583333334,2023-02-07 19:25:16.725414,2023-02-07 19:26:29.146402,0 days 00:01:12.420988,1492,61,0.00375,4e-05,PRUNED
484,484,,2023-02-07 19:25:33.894416,,,1504,51,0.00375,4e-05,RUNNING
485,485,0.15690104166666666,2023-02-07 19:25:47.491199,2023-02-07 19:26:51.813655,0 days 00:01:04.322456,1512,61,0.0125,4e-05,PRUNED
486,486,0.10514322916666667,2023-02-07 19:25:48.051327,2023-02-07 19:26:49.381410,0 days 00:01:01.330083,1501,61,0.0125,4e-05,PRUNED
487,487,0.759765625,2023-02-07 19:26:21.902727,2023-02-07 19:27:19.810695,0 days 00:00:57.907968,1483,51,0.00375,4e-05,PRUNED
488,488,0.7744140625,2023-02-07 19:26:29.162197,2023-02-07 19:27:33.093072,0 days 00:01:03.930875,1428,51,0.00375,4e-05,PRUNED
489,489,0.8131510416666666,2023-02-07 19:26:49.403063,2023-02-07 19:27:53.620682,0 days 00:01:04.217619,1541,51,0.00375,4e-08,PRUNED
490,490,0.8186848958333334,2023-02-07 19:26:51.834866,2023-02-07 19:27:59.541829,0 days 00:01:07.706963,1452,51,0.00375,4e-08,PRUNED
491,491,0.7763671875,2023-02-07 19:27:19.832855,2023-02-07 19:28:17.640609,0 days 00:00:57.807754,1440,51,0.00375,4e-08,PRUNED
492,492,0.5302734375,2023-02-07 19:27:33.111729,2023-02-07 19:28:33.227692,0 days 00:01:00.115963,1559,51,0.00375,4e-08,PRUNED
493,493,0.7893880208333334,2023-02-07 19:27:53.640040,2023-02-07 19:28:55.723165,0 days 00:01:02.083125,1593,51,0.00375,4e-05,PRUNED
494,494,0.8987630208333334,2023-02-07 19:27:59.555738,2023-02-07 19:33:39.410569,0 days 00:05:39.854831,1413,51,0.00375,4e-05,COMPLETE
495,495,0.8180338541666666,2023-02-07 19:28:17.667701,2023-02-07 19:29:16.766704,0 days 00:00:59.099003,1601,51,0.00375,4e-05,PRUNED
496,496,0.8004557291666666,2023-02-07 19:28:33.242562,2023-02-07 19:29:32.310215,0 days 00:00:59.067653,1411,51,0.00375,4e-05,PRUNED
497,497,0.08658854166666667,2023-02-07 19:28:40.253432,2023-02-07 19:29:44.466598,0 days 00:01:04.213166,1595,51,0.15,4e-05,PRUNED
498,498,0.1787109375,2023-02-07 19:28:55.742494,2023-02-07 19:31:43.518040,0 days 00:02:47.775546,1391,51,0.00375,4e-05,PRUNED
499,499,0.087890625,2023-02-07 19:29:16.791630,2023-02-07 19:30:05.873023,0 days 00:00:49.081393,1454,51,0.15,4e-05,PRUNED
